,median,lower,upper,cases,one
2020-05-10,4.5490981963927855,0.32064128256513025,9.298597194388778,2.0,1
