,median,lower,upper,cases,one,hl0.5,hl1.5,hl2.0,hl2.5,hl3.0,hl3.5,hl4.0
2020-05-27,2.224448897795591,0.9619238476953907,3.406813627254509,70.0,1,0.5,1.5,2.0,2.5,3.0,3.5,4.0
